range_m,bearing_deg,is_box,conf,px,w_0.0,w_0.75,w_1.0,w_0.45,best_ratio
2.0,-60.0,1,0.709,145,0.65,0.402,0.32,0.502,1.003
2.0,-60.0,1,0.636,145,0.65,0.402,0.32,0.502,1.003
2.0,-60.0,0,0.437,570,2.64,1.634,1.298,2.036,2.596
2.0,-60.0,1,0.742,144,0.641,0.394,0.312,0.493,0.985
2.0,-60.0,1,0.627,144,0.64,0.394,0.312,0.492,0.984
2.0,-60.0,0,0.447,569,2.613,1.608,1.273,2.01,2.545
2.0,-30.0,1,0.583,136,0.606,0.374,0.297,0.467,0.933
2.0,-30.0,0,0.543,722,3.913,2.416,1.917,3.015,3.834
2.0,-30.0,1,0.475,137,0.61,0.377,0.299,0.47,0.94
2.0,-30.0,1,0.588,136,0.605,0.373,0.296,0.466,0.931
2.0,-30.0,0,0.541,722,3.906,2.409,1.91,3.008,3.82
2.0,-30.0,1,0.472,137,0.609,0.376,0.298,0.469,0.938
2.0,0.0,0,0.305,713,4.848,2.986,2.366,3.731,4.731
2.0,0.0,1,0.18,102,0.458,0.282,0.224,0.353,0.917
2.0,0.0,0,0.295,714,4.864,3.0,2.378,3.745,4.757
2.0,0.0,1,0.176,102,0.46,0.284,0.225,0.354,0.92
2.0,30.0,1,0.423,135,0.605,0.375,0.298,0.467,0.933
2.0,30.0,1,0.41,135,0.605,0.375,0.298,0.467,0.933
2.0,30.0,0,0.382,723,4.208,2.606,2.072,3.247,4.144
2.0,30.0,1,0.154,181,0.791,0.49,0.39,0.61,0.98
2.0,30.0,1,0.435,136,0.606,0.374,0.297,0.467,0.934
2.0,30.0,1,0.41,135,0.602,0.372,0.295,0.464,0.927
2.0,30.0,0,0.38,723,4.187,2.585,2.051,3.226,4.102
2.0,60.0,1,0.525,175,0.752,0.465,0.369,0.579,0.929
2.0,60.0,0,0.499,625,2.879,1.779,1.413,2.219,2.826
2.0,60.0,1,0.378,144,0.646,0.399,0.317,0.498,0.996
2.0,60.0,1,0.255,143,0.641,0.397,0.315,0.494,0.989
2.0,60.0,1,0.521,174,0.747,0.462,0.367,0.576,0.924
2.0,60.0,0,0.495,625,2.878,1.779,1.413,2.219,2.826
2.0,60.0,1,0.374,144,0.646,0.399,0.317,0.498,0.996
2.0,60.0,1,0.244,143,0.641,0.396,0.315,0.494,0.989
3.0,-60.0,0,0.622,581,2.794,1.725,1.369,2.153,2.738
3.0,-60.0,1,0.605,104,0.579,0.358,0.284,0.446,0.893
3.0,-60.0,1,0.498,104,0.579,0.358,0.284,0.446,0.893
3.0,-60.0,0,0.632,581,2.803,1.735,1.378,2.162,2.757
3.0,-60.0,1,0.563,104,0.58,0.359,0.285,0.448,0.895
3.0,-60.0,1,0.538,104,0.581,0.36,0.286,0.448,0.897
3.0,-30.0,1,0.687,99,0.552,0.342,0.272,0.426,1.105
3.0,-30.0,0,0.446,675,4.634,2.867,2.278,3.574,4.557
3.0,-30.0,1,0.688,99,0.553,0.343,0.272,0.427,1.107
3.0,-30.0,0,0.45,674,4.62,2.862,2.275,3.565,4.551
3.0,0.0,0,0.269,547,4.444,2.734,2.164,3.418,4.328
3.0,0.0,0,0.244,548,4.451,2.738,2.168,3.423,4.335
3.0,0.0,0,0.213,548,4.45,2.738,2.167,3.423,4.334
3.0,0.0,0,0.163,109,0.664,0.409,0.323,0.511,1.021
3.0,0.0,0,0.167,547,4.494,2.778,2.206,3.464,4.411
3.0,0.0,0,0.163,108,0.664,0.411,0.326,0.512,1.024
3.0,0.0,1,0.156,72,0.406,0.251,0.199,0.313,0.813
3.0,30.0,0,0.66,526,3.659,2.259,1.793,2.819,3.586
3.0,30.0,0,0.588,527,3.655,2.257,1.791,2.816,3.581
3.0,30.0,1,0.536,98,0.545,0.336,0.267,0.42,1.09
3.0,30.0,1,0.51,98,0.545,0.336,0.267,0.42,1.09
3.0,30.0,0,0.298,92,0.636,0.393,0.312,0.49,0.98
3.0,30.0,0,0.656,526,3.656,2.26,1.794,2.818,3.589
3.0,30.0,0,0.583,527,3.651,2.257,1.792,2.814,3.584
3.0,30.0,1,0.522,98,0.546,0.337,0.268,0.421,1.092
3.0,30.0,1,0.504,98,0.546,0.337,0.268,0.421,1.092
3.0,30.0,0,0.295,92,0.636,0.393,0.312,0.49,0.98
3.0,60.0,1,0.565,104,0.58,0.359,0.285,0.447,0.895
3.0,60.0,0,0.361,601,3.627,2.242,1.78,2.796,3.56
3.0,60.0,0,0.173,74,0.556,0.343,0.273,0.428,1.111
3.0,60.0,1,0.564,104,0.579,0.358,0.284,0.446,0.893
3.0,60.0,0,0.361,601,3.62,2.235,1.774,2.789,3.547
3.0,60.0,0,0.174,74,0.555,0.342,0.272,0.427,1.109
4.0,-60.0,0,0.604,598,3.797,2.342,1.857,2.924,3.714
4.0,-60.0,1,0.554,81,0.558,0.344,0.273,0.43,1.116
4.0,-60.0,1,0.471,81,0.558,0.344,0.273,0.43,1.116
4.0,-60.0,0,0.379,122,0.639,0.394,0.313,0.492,0.984
4.0,-60.0,0,0.195,122,0.639,0.394,0.313,0.492,0.984
4.0,-60.0,0,0.604,598,3.797,2.342,1.857,2.924,3.714
4.0,-60.0,1,0.554,81,0.558,0.344,0.273,0.43,1.116
4.0,-60.0,1,0.471,81,0.558,0.344,0.273,0.43,1.116
4.0,-60.0,0,0.379,122,0.639,0.394,0.313,0.492,0.984
4.0,-60.0,0,0.195,122,0.639,0.394,0.313,0.492,0.984
4.0,-30.0,0,0.698,507,4.018,2.475,1.961,3.092,3.921
4.0,-30.0,0,0.546,508,4.039,2.488,1.971,3.108,3.942
4.0,-30.0,1,0.448,78,0.533,0.329,0.26,0.41,1.067
4.0,-30.0,0,0.19,646,4.035,2.486,1.969,3.105,3.938
4.0,-30.0,0,0.698,506,4.007,2.469,1.956,3.084,3.911
4.0,-30.0,0,0.546,508,4.039,2.488,1.971,3.108,3.942
4.0,-30.0,1,0.449,78,0.533,0.329,0.26,0.41,1.067
4.0,-30.0,0,0.195,645,4.021,2.477,1.962,3.095,3.925
4.0,0.0,0,0.334,444,4.242,2.622,2.082,3.27,4.164
4.0,0.0,0,0.21,79,0.582,0.36,0.286,0.449,0.897
4.0,0.0,0,0.355,445,4.239,2.608,2.064,3.261,4.129
4.0,0.0,0,0.182,79,0.579,0.356,0.282,0.446,0.891
4.0,30.0,0,0.579,419,3.44,2.119,1.679,2.647,3.357
4.0,30.0,0,0.574,419,3.44,2.119,1.679,2.647,3.357
4.0,30.0,1,0.515,77,0.526,0.324,0.257,0.405,1.053
4.0,30.0,1,0.474,77,0.526,0.324,0.257,0.405,1.053
4.0,30.0,0,0.358,74,0.608,0.374,0.297,0.468,0.936
4.0,30.0,0,0.161,767,4.804,2.959,2.344,3.697,4.689
4.0,30.0,0,0.58,419,3.427,2.111,1.672,2.637,3.345
4.0,30.0,0,0.577,419,3.44,2.119,1.679,2.647,3.357
4.0,30.0,1,0.515,77,0.525,0.323,0.256,0.404,1.05
4.0,30.0,1,0.471,77,0.526,0.324,0.257,0.405,1.053
4.0,30.0,0,0.358,74,0.61,0.376,0.298,0.469,0.939
4.0,30.0,0,0.16,767,4.804,2.959,2.344,3.697,4.689
4.0,60.0,1,0.528,81,0.559,0.345,0.274,0.431,1.118
4.0,60.0,1,0.505,82,0.566,0.349,0.277,0.436,1.132
4.0,60.0,0,0.448,414,2.939,1.815,1.44,2.265,2.88
4.0,60.0,0,0.242,63,0.562,0.347,0.275,0.433,1.123
4.0,60.0,1,0.522,81,0.563,0.35,0.279,0.435,1.127
4.0,60.0,1,0.49,81,0.563,0.35,0.279,0.435,1.127
4.0,60.0,0,0.446,414,2.962,1.841,1.467,2.289,2.934
4.0,60.0,0,0.269,63,0.565,0.351,0.28,0.437,1.13
5.0,-60.0,0,0.634,438,3.291,2.034,1.615,2.537,3.23
5.0,-60.0,1,0.431,67,0.559,0.345,0.274,0.431,1.118
5.0,-60.0,0,0.394,93,0.602,0.372,0.296,0.464,0.929
5.0,-60.0,1,0.355,67,0.559,0.345,0.274,0.431,1.118
5.0,-60.0,0,0.193,564,3.922,2.425,1.925,3.024,3.85
5.0,-60.0,0,0.627,438,3.296,2.04,1.621,2.542,3.241
5.0,-60.0,1,0.42,67,0.56,0.346,0.275,0.432,1.119
5.0,-60.0,0,0.385,93,0.603,0.373,0.297,0.465,0.931
5.0,-60.0,1,0.363,67,0.56,0.346,0.275,0.432,1.119
5.0,-60.0,0,0.186,562,3.917,2.424,1.926,3.021,3.852
5.0,-30.0,0,0.521,405,3.75,2.32,1.844,2.892,3.687
5.0,-30.0,1,0.353,63,0.524,0.324,0.258,0.404,1.049
5.0,-30.0,0,0.24,525,3.816,2.361,1.876,2.943,3.753
5.0,-30.0,0,0.191,69,0.514,0.318,0.253,0.397,1.028
5.0,-30.0,0,0.52,404,3.762,2.336,1.861,2.907,3.722
5.0,-30.0,1,0.35,63,0.527,0.328,0.261,0.408,1.055
5.0,-30.0,0,0.236,527,3.852,2.392,1.905,2.976,3.811
5.0,-30.0,0,0.185,69,0.517,0.321,0.256,0.4,1.035
5.0,0.0,0,0.316,373,4.139,2.558,2.032,3.191,4.063
5.0,0.0,0,0.317,373,4.132,2.551,2.024,3.183,4.048
5.0,30.0,0,0.514,346,3.374,2.078,1.646,2.596,3.293
5.0,30.0,0,0.486,346,3.374,2.078,1.646,2.596,3.293
5.0,30.0,1,0.452,63,0.521,0.321,0.254,0.401,1.041
5.0,30.0,1,0.298,63,0.521,0.321,0.254,0.401,1.041
5.0,30.0,0,0.275,61,0.592,0.364,0.289,0.455,0.911
5.0,30.0,0,0.516,346,3.38,2.085,1.653,2.603,3.306
5.0,30.0,0,0.486,346,3.38,2.085,1.653,2.603,3.306
5.0,30.0,1,0.445,63,0.522,0.322,0.255,0.402,1.043
5.0,30.0,1,0.302,63,0.522,0.322,0.255,0.402,1.043
5.0,30.0,0,0.285,61,0.593,0.366,0.29,0.457,0.913
5.0,60.0,1,0.389,66,0.552,0.341,0.27,0.425,1.103
5.0,60.0,0,0.33,317,2.662,1.644,1.304,2.051,2.609
5.0,60.0,1,0.3,66,0.55,0.339,0.269,0.423,1.099
5.0,60.0,0,0.215,55,0.569,0.352,0.279,0.439,1.139
5.0,60.0,1,0.38,66,0.547,0.337,0.267,0.421,1.095
5.0,60.0,0,0.326,317,2.643,1.628,1.29,2.034,2.579
5.0,60.0,0,0.209,54,0.557,0.343,0.272,0.428,1.113
6.0,-60.0,1,0.459,57,0.564,0.349,0.278,0.435,1.128
6.0,-60.0,0,0.431,75,0.591,0.366,0.291,0.456,0.912
6.0,-60.0,0,0.419,338,2.967,1.838,1.461,2.29,2.923
6.0,-60.0,1,0.291,56,0.554,0.343,0.273,0.428,1.108
6.0,-60.0,0,0.234,418,3.46,2.143,1.704,2.67,3.409
6.0,-60.0,1,0.453,57,0.559,0.345,0.274,0.43,1.117
6.0,-60.0,0,0.436,337,2.945,1.819,1.443,2.269,2.886
6.0,-60.0,0,0.416,74,0.578,0.357,0.283,0.446,0.891
6.0,-60.0,1,0.287,56,0.549,0.339,0.269,0.423,1.098
6.0,-60.0,0,0.224,421,3.454,2.133,1.692,2.661,3.384
6.0,-30.0,0,0.514,338,3.614,2.234,1.774,2.786,3.548
6.0,-30.0,1,0.39,54,0.53,0.328,0.26,0.409,1.06
6.0,-30.0,0,0.252,452,3.778,2.335,1.854,2.912,3.708
6.0,-30.0,0,0.218,57,0.505,0.312,0.248,0.389,1.01
6.0,-30.0,1,0.211,54,0.53,0.328,0.26,0.409,1.06
6.0,-30.0,0,0.512,338,3.607,2.227,1.767,2.779,3.535
6.0,-30.0,1,0.386,54,0.529,0.327,0.259,0.408,1.059
6.0,-30.0,0,0.248,452,3.771,2.328,1.847,2.905,3.695
6.0,-30.0,0,0.22,57,0.504,0.311,0.247,0.388,1.008
6.0,-30.0,1,0.208,54,0.529,0.327,0.259,0.408,1.059
6.0,0.0,0,0.437,323,4.094,2.525,2.002,3.152,4.004
6.0,0.0,0,0.437,323,4.069,2.509,1.99,3.133,3.979
6.0,30.0,1,0.552,54,0.529,0.327,0.259,0.408,1.059
6.0,30.0,0,0.431,297,3.368,2.079,1.65,2.595,3.3
6.0,30.0,0,0.403,299,3.372,2.082,1.652,2.598,3.304
6.0,30.0,1,0.378,53,0.52,0.321,0.255,0.4,1.039
6.0,30.0,0,0.178,52,0.582,0.359,0.285,0.448,0.897
6.0,30.0,1,0.544,54,0.528,0.326,0.258,0.407,1.057
6.0,30.0,0,0.427,297,3.361,2.073,1.644,2.588,3.288
6.0,30.0,0,0.398,299,3.366,2.076,1.646,2.592,3.292
6.0,30.0,1,0.374,53,0.519,0.32,0.254,0.399,1.037
6.0,30.0,0,0.177,53,0.595,0.367,0.291,0.458,0.917
6.0,60.0,1,0.308,57,0.56,0.346,0.274,0.431,1.121
6.0,60.0,0,0.233,257,2.49,1.536,1.218,1.918,2.435
6.0,60.0,0,0.153,47,0.563,0.347,0.275,0.433,1.126
6.0,60.0,1,0.313,57,0.56,0.346,0.274,0.431,1.121
6.0,60.0,0,0.231,257,2.49,1.536,1.218,1.918,2.435
6.0,60.0,0,0.154,47,0.563,0.347,0.275,0.433,1.126
